{
  "characters": [
    "M",
    "a",
    " ",
    "C",
    "h",
    "ủ",
    " ",
    "l",
    "à",
    " ",
    "b",
    "á",
    " ",
    "c",
    "h",
    "ủ",
    ".",
    " ",
    "T",
    "i",
    "k",
    "T",
    "o",
    "k",
    " ",
    "s",
    "a",
    "f",
    "e",
    " ",
    "z",
    "o",
    "n",
    "e",
    "."
  ],
  "character_start_times_seconds": [
    0,
    0.14285714285714285,
    0.2857142857142857,
    0.4285714285714286,
    0.5714285714285714,
    0.7142857142857142,
    0.8571428571428572,
    1,
    1.1428571428571428,
    1.2857142857142856,
    1.4285714285714284,
    1.5714285714285714,
    1.7142857142857144,
    1.8571428571428572,
    2,
    2.142857142857143,
    2.2857142857142856,
    2.4285714285714284,
    2.571428571428571,
    2.714285714285714,
    2.8571428571428568,
    3,
    3.142857142857143,
    3.2857142857142856,
    3.428571428571429,
    3.5714285714285716,
    3.7142857142857144,
    3.857142857142857,
    4,
    4.142857142857143,
    4.285714285714286,
    4.428571428571429,
    4.571428571428571,
    4.714285714285714,
    4.857142857142857
  ],
  "character_end_times_seconds": [
    0.14285714285714285,
    0.2857142857142857,
    0.4285714285714286,
    0.5714285714285714,
    0.7142857142857142,
    0.8571428571428572,
    1,
    1.1428571428571428,
    1.2857142857142856,
    1.4285714285714284,
    1.5714285714285714,
    1.7142857142857144,
    1.8571428571428572,
    2,
    2.142857142857143,
    2.2857142857142856,
    2.4285714285714284,
    2.571428571428571,
    2.714285714285714,
    2.8571428571428568,
    3,
    3.142857142857143,
    3.2857142857142856,
    3.428571428571429,
    3.5714285714285716,
    3.7142857142857144,
    3.857142857142857,
    4,
    4.142857142857143,
    4.285714285714286,
    4.428571428571429,
    4.571428571428571,
    4.714285714285714,
    4.857142857142857,
    5
  ]
}